displayname,name,id,process
ACC,ACC,5633,N
ASIANPAINT,ASIANPAINT,60417,N
ADANIPORTS,ADANIPORTS,3861249,N
AUROPHARMA,AUROPHARMA,70401,Y
AXISBANK,AXISBANK,1510401,Y
BAJFINANCE,BAJFINANCE,81153,Y
BANKNIFTY,BANKNIFTY,11381762,Y
BATAINDIA,BATAINDIA,94977,N
BIOCON,BIOCON,2911489,N
BRITANNIA,BRITANNIA,140033,N
DIVISLAB,DIVISLAB,2800641,N
DLF,DLF,3771393,N
DRREDDY,DRREDDY,225537,Y
EICHERMOT,EICHERMOT,232961,Y
ESCORTS,ESCORTS,245249,N
GRASIM,GRASIM,315393,Y
HDFC,HDFC,340481,Y
HDFCBANK,HDFCBANK,341249,Y
IBULHSGFIN,IBULHSGFIN,7712001,Y
ICICIBANK,ICICIBANK,1270529,N
INDIGO,INDIGO,2865921,Y
INDUSINDBK,INDUSINDBK,1346049,Y
INFY,INFY,408065,N
JSWSTEEL,JSWSTEEL,3001089,N
JUBLFOOD,JUBLFOOD,4632577,Y
KOTAKBANK,KOTAKBANK,492033,Y
LT,LT,2939649,Y
MARUTI,MARUTI,2815745,Y
MCDOWELL-N,MCDOWELL-N,2674433,Y
MINDTREE,MINDTREE,3675137,Y
M&M,M&M,519937,N
PEL,PEL,617473,Y
PIDILITIND,PIDILITIND,681985,N
RELIANCE,RELIANCE,738561,N
SBIN,SBIN,779521,N
SRTRANSFIN,SRTRANSFIN,1102337,Y
SUNPHARMA,SUNPHARMA,857857,Y
SUNTV,SUNTV,3431425,Y
TATAGLOBAL,TATAGLOBAL,878593,N
TATASTEEL,TATASTEEL,895745,N
TCS,TCS,2953217,Y
TECHM,TECHM,3465729,Y
TITAN,TITAN,897537,Y
TVSMOTOR,TVSMOTOR,2170625,N
UJJIVAN,UJJIVAN,4369665,Y
ULTRACEMCO,ULTRACEMCO,2952193,Y
UPL,UPL,2889473,Y
VOLTAS,VOLTAS,951809,Y
YESBANK,YESBANK,3050241,N
ZEEL,ZEEL,975873,Y
