name,id
ASIANPAINT19JUNFUT,14636034
AUROPHARMA19JUNFUT,14636290
AXISBANK19JUNFUT,14645762
BAJFINANCE19JUNFUT,14647554
BANKNIFTY19JUNFUT,14627842
BHARATFIN19JUNFUT,14649858
BHARTIARTL19JUNFUT,14650370
BIOCON19JUNFUT,14650882
DHFL19JUNFUT,14662914
DIVISLAB19JUNFUT,14663426
ESCORTS19JUNFUT,14664962
GRASIM19JUNFUT,14670338
HDFC19JUNFUT,14671362
HDFCBANK19JUNFUT,14671618
IBULHSGFIN19JUNFUT,14673410
ICICIBANK19JUNFUT,14673666
INDIGO19JUNFUT,14676226
INDUSINDBK19JUNFUT,14676482
JUBLFOOD19JUNFUT,14679298
JUSTDIAL19JUNFUT,14679554
KOTAKBANK19JUNFUT,14680066
LT19JUNFUT,14681346
MINDTREE19JUNFUT,14684162
M&M19JUNFUT,14681858
NIITTECH19JUNFUT,14688514
RELIANCE19JUNFUT,14722306
RELCAPITAL19JUNFUT,14722050
RELINFRA19JUNFUT,14722562
SBIN19JUNFUT,14734594
SRTRANSFIN19JUNFUT,14735874
SUNPHARMA19JUNFUT,14736386
SUNTV19JUNFUT,14736642
TECHM19JUNFUT,14742274
TITAN19JUNFUT,14742530
UJJIVAN19JUNFUT,14744066
UPL19JUNFUT,14744834
VOLTAS19JUNFUT,14745602
YESBANK19JUNFUT,14746370
ZEEL19JUNFUT,14746626